rank,feature_idx,importance
1,0,1820506690.11903
2,4,1820506690.119021
3,2,3.7e-05
4,1,3.6e-05
5,6,3.6e-05
6,8,3.6e-05
7,3,3.3e-05
8,5,3.1e-05
9,7,0.0
